[
  {
    "key": "BOT",
    "data": {
      "isActive": true
    },
    "createdAt": "2024-01-28T12:47:59.816Z",
    "updatedAt": "2024-08-03T21:31:52.524Z"
  },
  {
    "key": "rankGuessNumber",
    "data": [
      {
        "id": "100049189713406",
        "wins": [
          {
            "tryNumber": 5,
            "timeSuccess": 170181,
            "date": "2024-01-28T20:06:20+06:00",
            "col": 4
          },
          {
            "tryNumber": 7,
            "timeSuccess": 106106,
            "date": "2024-03-23T12:17:26+01:00",
            "col": 4
          },
          {
            "tryNumber": 3,
            "timeSuccess": 21437,
            "date": "2024-03-23T12:27:03+01:00",
            "col": 1
          },
          {
            "tryNumber": 14,
            "timeSuccess": 369493,
            "date": "2024-03-23T12:42:00+01:00",
            "col": 6
          },
          {
            "tryNumber": 1,
            "timeSuccess": 49885,
            "date": "2024-03-23T12:52:08+01:00",
            "col": 1
          },
          {
            "tryNumber": 9,
            "timeSuccess": 124081,
            "date": "2024-03-23T12:55:21+01:00",
            "col": 4
          },
          {
            "tryNumber": 2,
            "timeSuccess": 40910,
            "date": "2024-03-23T13:06:54+01:00",
            "col": 4
          },
          {
            "tryNumber": 2,
            "timeSuccess": 25555,
            "date": "2024-03-23T13:10:24+01:00",
            "col": 4
          },
          {
            "tryNumber": 10,
            "timeSuccess": 301937,
            "date": "2024-04-21T19:53:30+01:00",
            "col": 4
          },
          {
            "tryNumber": 7,
            "timeSuccess": 200617,
            "date": "2024-05-03T16:49:47+01:00",
            "col": 6
          },
          {
            "tryNumber": 8,
            "timeSuccess": 120210,
            "date": "2024-07-13T16:18:36+01:00",
            "col": 4
          },
          {
            "tryNumber": 9,
            "timeSuccess": 138738,
            "date": "2024-07-14T09:59:10+01:00",
            "col": 4
          },
          {
            "tryNumber": 10,
            "timeSuccess": 463681,
            "date": "2024-07-20T18:46:52+01:00",
            "col": 4
          },
          {
            "tryNumber": 5,
            "timeSuccess": 72947,
            "date": "2024-07-30T13:06:06+01:00",
            "col": 4
          }
        ],
        "losses": [
          {
            "timeSuccess": 42206,
            "date": "2024-03-23T12:25:23+01:00",
            "col": 2
          },
          {
            "timeSuccess": 103793,
            "date": "2024-03-23T12:49:49+01:00",
            "col": 1
          },
          {
            "timeSuccess": 47550,
            "date": "2024-03-23T13:00:09+01:00",
            "col": 3
          }
        ],
        "points": 18
      },
      {
        "id": "100081116971255",
        "wins": [
          {
            "tryNumber": 9,
            "timeSuccess": 212798,
            "date": "2024-01-30T14:46:53+06:00",
            "col": 4
          }
        ],
        "losses": [],
        "points": 1
      },
      {
        "id": "100081570534647",
        "wins": [],
        "losses": [
          {
            "timeSuccess": 269361,
            "date": "2024-03-23T12:33:12+01:00",
            "col": 4
          }
        ],
        "points": 0
      },
      {
        "id": "100076468523098",
        "wins": [
          {
            "tryNumber": 12,
            "timeSuccess": 1104086,
            "date": "2024-03-23T12:35:18+01:00",
            "col": 6
          }
        ],
        "losses": [],
        "points": 3
      },
      {
        "id": "100089803418509",
        "wins": [
          {
            "tryNumber": 10,
            "timeSuccess": 345890,
            "date": "2024-05-03T16:45:51+01:00",
            "col": 4
          }
        ],
        "losses": [],
        "points": 1
      }
    ],
    "createdAt": "2024-01-28T14:06:20.633Z",
    "updatedAt": "2024-07-30T12:06:06.716Z"
  },
  {
    "key": "setalias",
    "data": [],
    "createdAt": "2024-07-17T11:30:41.627Z",
    "updatedAt": "2024-07-17T11:30:41.627Z"
  }
]